STATEFIPS,PUMA,COUNTYFIPS2
2,101,20
2,102,20
2,200,122
2,200,170
2,300,68
2,300,90
2,300,100
2,300,110
2,300,130
2,300,220
2,300,240
2,300,261
2,400,13
2,400,16
2,400,50
2,400,60
2,400,70
2,400,150
2,400,164
2,400,180
2,400,185
2,400,188
2,400,201
2,400,232
2,400,270
2,400,280
2,400,282
2,400,290
1,200,89
1,300,83
1,300,89
1,500,43
1,500,95
1,500,133
1,600,79
1,600,103
1,400,49
1,400,71
1,1000,55
1,1100,19
1,1100,27
1,1100,29
1,1100,111
1,1100,121
1,1200,15
1,100,33
1,100,77
1,700,57
1,700,59
1,700,75
1,700,93
1,700,107
1,700,119
1,1400,125
1,1500,7
1,1500,47
1,1500,63
1,1500,65
1,1500,91
1,1500,105
1,1700,81
1,1800,5
1,1800,11
1,1800,13
1,1800,41
1,1800,67
1,1800,87
1,1800,109
1,1800,113
1,2500,31
1,2500,39
1,2500,61
1,2600,45
1,2600,69
1,1600,17
1,1600,21
1,1600,37
1,1600,123
1,1900,101
1,2000,1
1,2000,51
1,2000,101
1,2100,23
1,2100,25
1,2100,35
1,2100,53
1,2100,85
1,2100,99
1,2100,129
1,2100,131
1,2200,97
1,2300,97
1,2400,3
1,800,9
1,800,115
1,800,127
1,905,73
1,1300,117
1,901,73
1,902,73
1,903,73
1,904,73
5,100,7
5,200,143
5,300,5
5,300,9
5,300,15
5,300,87
5,300,89
5,300,101
5,300,129
5,400,23
5,400,49
5,400,63
5,400,65
5,400,135
5,400,137
5,400,141
5,500,21
5,500,31
5,500,55
5,500,75
5,500,121
5,600,35
5,600,93
5,700,37
5,700,77
5,700,107
5,700,111
5,700,123
5,800,67
5,800,95
5,800,117
5,800,145
5,800,147
5,900,119
5,1000,119
5,1100,45
5,1100,85
5,1100,125
5,1200,29
5,1200,71
5,1200,105
5,1200,115
5,1200,149
5,1300,33
5,1300,131
5,1400,47
5,1400,61
5,1400,83
5,1400,113
5,1400,127
5,1400,133
5,1500,19
5,1500,51
5,1500,59
5,1500,97
5,1600,1
5,1600,53
5,1600,69
5,1700,3
5,1700,11
5,1700,17
5,1700,25
5,1700,41
5,1700,43
5,1700,79
5,1800,13
5,1800,27
5,1800,39
5,1800,103
5,1800,139
5,1900,57
5,1900,73
5,1900,81
5,1900,91
5,1900,99
5,1900,109
4,300,1
4,300,17
4,400,5
4,500,25
4,600,12
4,600,15
4,700,27
4,800,7
4,800,21
4,900,3
4,900,9
4,900,11
4,900,23
4,101,13
4,102,13
4,108,13
4,109,13
4,110,13
4,103,13
4,104,13
4,107,13
4,105,13
4,106,13
4,114,13
4,115,13
4,112,13
4,113,13
4,117,13
4,111,13
4,118,13
4,119,13
4,116,13
4,120,13
4,121,13
4,122,13
4,202,19
4,203,19
4,205,19
4,206,19
4,201,19
4,204,19
4,207,19
6,100,15
6,100,35
6,100,49
6,100,93
6,200,23
6,300,89
6,400,33
6,400,45
6,500,11
6,500,21
6,500,103
6,500,105
6,600,7
6,700,57
6,700,63
6,700,91
6,800,101
6,800,115
6,900,113
6,1101,97
6,1102,97
6,1103,97
6,1201,41
6,1202,41
6,1000,55
6,1301,95
6,1302,95
6,1303,95
6,1401,67
6,1402,67
6,1403,67
6,1501,67
6,1502,67
6,1504,67
6,1503,67
6,1505,67
6,1506,67
6,1601,61
6,1602,61
6,1700,17
6,1800,3
6,1800,5
6,1800,9
6,1800,27
6,1800,43
6,1800,51
6,1800,109
6,3100,47
6,3200,39
6,1901,77
6,1902,77
6,2001,77
6,2002,77
6,2500,99
6,2601,99
6,2602,99
6,2101,13
6,2102,13
6,2103,13
6,2104,13
6,2105,13
6,2106,13
6,2107,13
6,2108,13
6,2201,75
6,2202,75
6,2203,75
6,2204,75
6,2205,75
6,2206,75
6,2207,75
6,2301,81
6,2302,81
6,2303,81
6,2304,81
6,2305,81
6,2306,81
6,2401,1
6,2402,1
6,2403,1
6,2404,1
6,2405,1
6,2406,1
6,2407,1
6,2408,1
6,2409,1
6,2410,1
6,2701,85
6,2702,85
6,2703,85
6,2704,85
6,2705,85
6,2713,85
6,2714,85
6,2706,85
6,2707,85
6,2708,85
6,2709,85
6,2710,85
6,2711,85
6,2712,85
6,2801,87
6,2802,87
6,2900,53
6,3001,53
6,3002,53
6,3002,69
6,3301,19
6,3302,19
6,3401,19
6,3402,19
6,3501,107
6,3502,107
6,3503,107
6,3600,31
6,4000,71
6,4100,71
6,4200,71
6,4401,71
6,4402,71
6,4300,71
6,4403,71
6,4404,71
6,4405,71
6,4406,71
6,4407,71
6,3800,29
6,3901,29
6,3902,29
6,3903,29
6,3701,79
6,3702,79
6,6701,83
6,6702,83
6,6200,111
6,6300,111
6,6400,111
6,6500,111
6,6601,111
6,6602,111
6,5401,37
6,5402,37
6,5403,37
6,5405,37
6,5404,37
6,5406,37
6,5407,37
6,5408,37
6,5409,37
6,5410,37
6,5411,37
6,5412,37
6,5413,37
6,5415,37
6,5416,37
6,5417,37
6,5414,37
6,5418,37
6,5419,37
6,5420,37
6,5421,37
6,5422,37
6,5423,37
6,5424,37
6,4500,37
6,4600,37
6,4700,37
6,6101,37
6,5200,37
6,6105,37
6,6106,37
6,5100,37
6,5800,37
6,6107,37
6,6108,37
6,6109,37
6,6102,37
6,6103,37
6,6104,37
6,4800,37
6,4900,37
6,5000,37
6,5300,37
6,6110,37
6,6111,37
6,6112,37
6,5900,37
6,6000,37
6,6116,37
6,6117,37
6,6118,37
6,6113,37
6,6114,37
6,6115,37
6,6119,37
6,5701,37
6,5702,37
6,5703,37
6,5600,37
6,6120,37
6,6121,37
6,6122,37
6,5500,37
6,6123,37
6,6124,37
6,6125,37
6,6126,37
6,7000,59
6,7604,59
6,7605,59
6,6801,59
6,6802,59
6,7400,59
6,7100,59
6,7300,59
6,7501,59
6,7502,59
6,6900,59
6,7200,59
6,7606,59
6,7601,59
6,7602,59
6,7603,59
6,7607,59
6,7700,65
6,8001,65
6,7801,65
6,7802,65
6,7900,65
6,8003,65
6,8002,65
6,8004,65
6,8005,65
6,8200,25
6,8101,73
6,8107,73
6,8102,73
6,8104,73
6,8105,73
6,8103,73
6,8106,73
6,8108,73
6,8109,73
6,8110,73
6,8111,73
6,8112,73
6,8113,73
6,8114,73
6,8115,73
6,8116,73
8,101,45
8,101,57
8,101,69
8,101,77
8,101,81
8,101,103
8,101,107
8,102,69
8,200,69
8,300,123
8,103,77
8,400,11
8,400,17
8,400,25
8,400,39
8,400,61
8,400,63
8,400,73
8,400,75
8,400,87
8,400,95
8,400,99
8,400,115
8,400,121
8,400,125
8,501,3
8,501,9
8,501,21
8,501,23
8,501,55
8,501,71
8,501,89
8,501,101
8,501,105
8,501,109
8,600,7
8,600,29
8,600,33
8,600,67
8,600,83
8,600,85
8,600,111
8,600,113
8,502,101
8,700,37
8,700,49
8,700,51
8,700,53
8,700,65
8,700,79
8,700,91
8,700,97
8,700,117
8,901,41
8,1000,15
8,1000,27
8,1000,43
8,1000,93
8,1000,119
8,902,41
8,903,41
8,904,41
8,905,41
8,801,13
8,801,19
8,801,47
8,801,59
8,802,13
8,803,13
8,804,1
8,804,13
8,804,59
8,812,31
8,813,31
8,814,31
8,815,5
8,815,31
8,816,31
8,805,1
8,805,59
8,806,1
8,807,1
8,817,1
8,817,59
8,808,1
8,808,5
8,809,1
8,809,5
8,810,1
8,810,5
8,811,5
8,818,59
8,819,59
8,820,5
8,820,59
8,821,35
8,821,59
8,822,35
9,100,5
9,100,5
9,100,5
9,100,5
9,1400,9
9,1400,9
9,1400,9
9,1900,9
9,2100,1
9,200,3
9,200,3
9,400,3
9,500,3
9,300,3
9,600,3
9,700,3
9,800,3
9,900,13
9,900,13
9,1000,15
9,1000,15
9,1000,15
9,1000,15
9,1100,11
9,1100,11
9,1100,11
9,1200,11
9,1200,11
9,1300,7
9,1300,7
9,1300,7
9,1300,7
9,1500,9
9,1600,9
9,1600,9
9,1700,9
9,1700,9
9,1800,9
9,2000,9
9,2200,1
9,2300,1
9,2400,1
9,2500,1
11,101,1
11,102,1
11,103,1
11,104,1
11,105,1
10,101,3
10,102,3
10,103,3
10,104,3
10,200,1
10,300,5
12,101,33
12,102,33
12,200,113
12,300,91
12,400,59
12,400,63
12,400,131
12,400,133
12,500,5
12,600,13
12,600,37
12,600,45
12,600,65
12,600,77
12,600,79
12,600,123
12,600,129
12,701,73
12,702,39
12,702,73
12,800,29
12,800,41
12,800,47
12,800,67
12,800,75
12,800,121
12,900,3
12,900,7
12,900,23
12,900,125
12,1001,1
12,1002,1
12,1101,31
12,1101,89
12,1102,31
12,1103,31
12,1104,31
12,1105,31
12,1106,31
12,1107,31
12,1200,109
12,1300,19
12,1400,35
12,1400,107
12,1901,127
12,1902,127
12,1903,127
12,1501,83
12,1502,83
12,1600,17
12,1600,119
12,1700,53
12,2501,101
12,2502,101
12,2503,101
12,2601,103
12,2602,103
12,2603,103
12,2604,103
12,2605,103
12,2606,103
12,2607,103
12,2608,103
12,2701,57
12,2702,57
12,2703,57
12,2704,57
12,2705,57
12,2706,57
12,2707,57
12,2708,57
12,1801,69
12,1802,69
12,2001,117
12,2002,117
12,2003,117
12,2201,95
12,2204,95
12,2205,95
12,2206,95
12,2207,95
12,2202,95
12,2203,95
12,2300,97
12,2101,9
12,2102,9
12,2103,9
12,2104,9
12,2401,105
12,2402,105
12,2403,105
12,2404,105
12,3200,61
12,3200,93
12,3300,111
12,3400,85
12,3100,27
12,3100,43
12,3100,49
12,3100,51
12,3100,55
12,3701,21
12,3702,21
12,2801,81
12,2802,81
12,2901,115
12,2902,115
12,3000,15
12,3800,71
12,3901,71
12,3902,71
12,3903,71
12,3501,99
12,3502,99
12,3503,99
12,3504,99
12,3505,99
12,3506,99
12,3507,99
12,3508,99
12,3509,99
12,3601,11
12,3602,11
12,3603,11
12,3604,11
12,3605,11
12,3606,11
12,3607,11
12,3608,11
12,3609,11
12,3610,11
12,3611,11
12,3612,11
12,3613,11
12,4001,86
12,4002,86
12,4003,86
12,4004,86
12,4005,86
12,4006,86
12,4007,86
12,4008,86
12,4009,86
12,4010,86
12,4011,86
12,4012,86
12,4013,86
12,4014,86
12,4015,86
12,4016,86
12,4017,86
12,4018,86
12,4019,86
12,4020,86
12,4020,87
13,100,47
13,100,83
13,100,295
13,200,129
13,200,213
13,200,313
13,2100,55
13,2100,115
13,2100,143
13,2100,233
13,300,111
13,300,123
13,300,137
13,300,187
13,300,241
13,300,281
13,300,291
13,300,311
13,400,11
13,400,119
13,400,147
13,400,157
13,400,257
13,500,59
13,500,195
13,500,219
13,600,139
13,800,85
13,800,117
13,800,227
13,1900,57
13,700,15
13,700,223
13,1800,45
13,1800,97
13,2000,77
13,2000,113
13,2000,255
13,1301,67
13,1302,67
13,1303,67
13,1304,67
13,1305,67
13,1501,135
13,1502,135
13,1503,135
13,1504,135
13,1505,135
13,1201,89
13,1202,89
13,1203,89
13,1204,89
13,1205,89
13,1206,89
13,1101,121
13,1102,121
13,1103,121
13,1104,121
13,1105,121
13,1106,121
13,1107,121
13,900,13
13,900,297
13,1401,63
13,1402,63
13,1600,217
13,1600,247
13,1700,151
13,2200,105
13,2200,133
13,2200,141
13,2200,181
13,2200,211
13,2200,221
13,2200,265
13,2200,301
13,2200,317
13,2300,245
13,2400,73
13,2400,189
13,2600,9
13,2600,159
13,2600,167
13,2600,175
13,2600,237
13,2600,319
13,2700,21
13,2800,153
13,2800,169
13,2800,225
13,2800,289
13,2500,33
13,2500,107
13,2500,125
13,2500,163
13,2500,165
13,2500,251
13,2500,303
13,3200,23
13,3200,91
13,3200,209
13,3200,235
13,3200,271
13,3200,279
13,3200,283
13,3200,309
13,3200,315
13,3300,1
13,3300,31
13,3300,43
13,3300,109
13,3300,161
13,3300,267
13,3300,305
13,3800,3
13,3800,5
13,3800,25
13,3800,49
13,3800,65
13,3800,69
13,3800,229
13,3800,299
13,3400,51
13,3500,51
13,3600,29
13,3600,103
13,3600,179
13,3600,183
13,3600,191
13,3700,39
13,3700,127
13,1000,35
13,1000,79
13,1000,171
13,1000,207
13,1000,231
13,1000,293
13,2900,145
13,2900,149
13,2900,199
13,2900,263
13,2900,285
13,3000,215
13,3100,53
13,3100,81
13,3100,93
13,3100,193
13,3100,197
13,3100,249
13,3100,261
13,3100,269
13,3100,307
13,3900,17
13,3900,19
13,3900,75
13,3900,155
13,3900,173
13,3900,277
13,3900,287
13,4000,95
13,4000,177
13,4100,7
13,4100,37
13,4100,61
13,4100,71
13,4100,99
13,4100,205
13,4100,239
13,4100,243
13,4100,259
13,4100,273
13,4100,321
13,4200,87
13,4200,131
13,4200,201
13,4200,253
13,4200,275
13,4300,27
13,4300,101
13,4300,185
15,100,5
15,100,7
15,100,9
15,200,1
15,301,3
15,307,3
15,302,3
15,303,3
15,304,3
15,305,3
15,306,3
19,100,21
19,100,41
19,100,59
19,100,63
19,100,119
19,100,141
19,100,143
19,100,147
19,100,167
19,200,33
19,200,67
19,200,69
19,200,81
19,200,109
19,200,131
19,200,189
19,200,195
19,300,5
19,300,17
19,300,19
19,300,23
19,300,37
19,300,43
19,300,65
19,300,75
19,300,89
19,300,191
19,400,13
19,500,31
19,500,45
19,500,55
19,500,61
19,500,97
19,600,11
19,600,83
19,600,95
19,600,105
19,600,127
19,600,157
19,600,171
19,600,183
19,700,103
19,800,113
19,900,25
19,900,79
19,900,91
19,900,151
19,900,187
19,900,197
19,1000,9
19,1000,27
19,1000,35
19,1000,47
19,1000,73
19,1000,77
19,1000,93
19,1000,133
19,1000,149
19,1000,161
19,1100,193
19,1200,29
19,1200,71
19,1200,85
19,1200,129
19,1200,137
19,1200,145
19,1200,155
19,1200,165
19,1300,1
19,1300,3
19,1300,7
19,1300,39
19,1300,51
19,1300,53
19,1300,101
19,1300,107
19,1300,117
19,1300,123
19,1300,135
19,1300,159
19,1300,173
19,1300,175
19,1300,177
19,1300,179
19,1300,185
19,1800,57
19,1800,87
19,1800,111
19,1800,115
19,1800,139
19,1900,163
19,1400,153
19,1500,153
19,1600,15
19,1600,49
19,1600,169
19,1700,99
19,1700,121
19,1700,125
19,1700,181
16,100,9
16,100,17
16,100,21
16,100,55
16,100,79
16,200,35
16,200,49
16,200,57
16,200,61
16,200,69
16,300,19
16,300,23
16,300,33
16,300,37
16,300,43
16,300,51
16,300,59
16,300,65
16,300,81
16,400,3
16,400,15
16,400,39
16,400,45
16,400,73
16,400,75
16,400,85
16,400,87
16,800,13
16,800,25
16,800,31
16,800,47
16,800,53
16,800,63
16,800,67
16,800,83
16,900,5
16,900,7
16,900,11
16,900,29
16,900,41
16,900,71
16,900,77
16,500,27
16,600,1
16,700,1
17,101,15
17,101,85
17,101,161
17,101,195
17,102,73
17,102,131
17,102,161
17,103,161
17,200,57
17,200,67
17,200,71
17,200,109
17,200,187
17,300,1
17,300,9
17,300,125
17,300,149
17,300,169
17,400,13
17,400,17
17,400,61
17,400,117
17,400,137
17,400,171
17,500,5
17,500,49
17,500,51
17,500,135
17,600,29
17,600,35
17,600,41
17,600,45
17,700,23
17,700,25
17,700,33
17,700,79
17,700,101
17,700,159
17,700,191
17,800,3
17,800,47
17,800,59
17,800,65
17,800,69
17,800,87
17,800,127
17,800,151
17,800,153
17,800,165
17,800,181
17,800,185
17,800,193
17,900,55
17,900,77
17,900,145
17,900,199
17,1000,81
17,1000,121
17,1000,157
17,1000,189
17,1101,163
17,1102,27
17,1102,133
17,1102,163
17,1201,119
17,1202,83
17,1202,119
17,1300,167
17,1400,107
17,1400,129
17,1400,167
17,1500,115
17,1600,21
17,1600,39
17,1600,139
17,1600,147
17,1600,173
17,1700,143
17,1800,143
17,1800,203
17,1900,179
17,2000,113
17,2100,19
17,2200,53
17,2200,75
17,2200,105
17,2200,183
17,2300,91
17,2400,99
17,2500,11
17,2500,95
17,2500,123
17,2500,155
17,2500,175
17,2600,37
17,2600,103
17,2700,141
17,2700,177
17,2800,201
17,2900,7
17,2900,201
17,3001,111
17,3002,111
17,3003,89
17,3004,89
17,3005,89
17,3006,89
17,3006,93
17,3006,111
17,3101,63
17,3101,197
17,3102,197
17,3103,197
17,3104,197
17,3201,43
17,3202,43
17,3203,43
17,3204,43
17,3205,43
17,3206,43
17,3301,97
17,3302,97
17,3303,97
17,3304,97
17,3305,97
17,3401,31
17,3402,31
17,3403,31
17,3404,31
17,3405,31
17,3406,31
17,3407,31
17,3408,31
17,3409,31
17,3410,31
17,3411,31
17,3412,31
17,3413,31
17,3414,31
17,3501,31
17,3502,31
17,3503,31
17,3504,31
17,3505,31
17,3506,31
17,3507,31
17,3508,31
17,3509,31
17,3510,31
17,3511,31
17,3512,31
17,3513,31
17,3514,31
17,3515,31
17,3516,31
17,3517,31
17,3518,31
17,3519,31
18,100,89
18,201,89
18,202,89
18,203,89
18,300,127
18,400,91
18,500,141
18,600,141
18,700,39
18,800,33
18,800,87
18,800,113
18,800,151
18,1200,85
18,1200,99
18,900,3
18,1000,3
18,1100,1
18,1100,69
18,1100,179
18,1100,183
18,1300,49
18,1300,73
18,1300,111
18,1300,131
18,1300,149
18,1400,7
18,1400,15
18,1400,45
18,1400,107
18,1400,171
18,1400,181
18,1500,17
18,1500,103
18,1500,169
18,1800,23
18,1800,157
18,1600,9
18,1600,53
18,1600,75
18,1700,67
18,1700,159
18,2100,35
18,2200,65
18,2200,135
18,2200,177
18,1901,11
18,1901,57
18,1902,57
18,2001,95
18,2002,59
18,2002,95
18,2002,145
18,2400,81
18,2500,63
18,2500,109
18,2900,105
18,2301,97
18,2302,97
18,2306,97
18,2307,97
18,2303,97
18,2304,97
18,2305,97
18,2600,55
18,2600,119
18,2600,121
18,2600,133
18,2700,21
18,2700,165
18,2700,167
18,2800,27
18,2800,83
18,2800,101
18,2800,153
18,3600,37
18,3600,51
18,3600,123
18,3600,125
18,3600,147
18,3700,163
18,3800,129
18,3800,163
18,3800,173
18,3000,5
18,3000,13
18,3000,71
18,3100,31
18,3100,41
18,3100,47
18,3100,79
18,3100,139
18,3100,161
18,3200,29
18,3200,77
18,3200,115
18,3200,137
18,3200,155
18,3300,19
18,3300,143
18,3400,43
18,3400,61
18,3500,25
18,3500,93
18,3500,117
18,3500,175
20,100,23
20,100,39
20,100,51
20,100,63
20,100,65
20,100,109
20,100,137
20,100,141
20,100,147
20,100,153
20,100,163
20,100,167
20,100,179
20,100,181
20,100,183
20,100,193
20,100,195
20,100,199
20,200,29
20,200,53
20,200,89
20,200,105
20,200,123
20,200,143
20,200,157
20,200,169
20,200,201
20,1000,113
20,1000,155
20,1000,159
20,1100,7
20,1100,9
20,1100,33
20,1100,47
20,1100,77
20,1100,95
20,1100,97
20,1100,145
20,1100,151
20,1100,165
20,1100,185
20,1100,191
20,1200,25
20,1200,55
20,1200,57
20,1200,67
20,1200,69
20,1200,71
20,1200,75
20,1200,81
20,1200,83
20,1200,93
20,1200,101
20,1200,119
20,1200,129
20,1200,135
20,1200,171
20,1200,175
20,1200,187
20,1200,189
20,1200,203
20,300,27
20,300,41
20,300,61
20,300,117
20,300,127
20,300,149
20,300,161
20,900,17
20,900,31
20,900,59
20,900,73
20,900,111
20,900,115
20,900,139
20,900,197
20,1500,1
20,1500,3
20,1500,11
20,1500,19
20,1500,35
20,1500,49
20,1500,107
20,1500,205
20,1500,207
20,1600,21
20,1600,37
20,1600,99
20,1600,125
20,1600,133
20,400,5
20,400,13
20,400,43
20,400,85
20,400,87
20,400,103
20,400,131
20,500,209
20,700,45
20,700,121
20,800,177
20,601,91
20,602,91
20,603,91
20,604,91
20,1300,15
20,1300,79
20,1300,173
20,1401,173
20,1402,173
20,1403,173
21,100,7
21,100,35
21,100,39
21,100,75
21,100,83
21,100,105
21,100,145
21,100,157
21,200,33
21,200,55
21,200,107
21,200,139
21,200,177
21,1500,91
21,1500,101
21,1500,183
21,1500,225
21,1500,233
21,1600,59
21,1600,149
21,300,47
21,300,143
21,300,219
21,300,221
21,400,31
21,400,141
21,400,213
21,400,227
21,500,3
21,500,9
21,500,61
21,500,99
21,500,169
21,500,171
21,600,1
21,600,45
21,600,53
21,600,57
21,600,87
21,600,147
21,600,199
21,600,207
21,600,217
21,600,231
21,700,51
21,700,109
21,700,125
21,700,203
21,800,13
21,800,95
21,800,121
21,800,235
21,900,25
21,900,119
21,900,129
21,900,131
21,900,133
21,900,189
21,900,193
21,900,237
21,1000,71
21,1000,115
21,1000,153
21,1000,159
21,1000,195
21,2200,19
21,2200,43
21,2200,63
21,2200,89
21,2200,127
21,2100,11
21,2100,23
21,2100,69
21,2100,135
21,2100,161
21,2100,165
21,2100,173
21,2100,175
21,2100,201
21,2100,205
21,2300,37
21,2300,191
21,2400,117
21,2500,15
21,2500,41
21,2500,77
21,2500,81
21,2500,187
21,1100,49
21,1100,65
21,1100,79
21,1100,137
21,1100,151
21,1100,197
21,1200,5
21,1200,21
21,1200,113
21,1200,167
21,1200,239
21,1901,67
21,1902,67
21,2000,17
21,2000,73
21,2000,97
21,2000,181
21,2000,209
21,1300,27
21,1300,85
21,1300,123
21,1300,155
21,1300,179
21,1300,229
21,1400,93
21,1400,163
21,1800,29
21,1800,103
21,1800,185
21,1800,211
21,1800,215
21,1800,223
21,1701,111
21,1702,111
21,1703,111
21,1704,111
21,1705,111
22,101,17
22,102,17
22,200,15
22,200,119
22,300,13
22,300,27
22,300,31
22,300,61
22,300,69
22,300,81
22,300,85
22,400,73
22,500,21
22,500,35
22,500,41
22,500,49
22,500,65
22,500,67
22,500,83
22,500,107
22,500,111
22,500,123
22,600,9
22,600,25
22,600,29
22,600,43
22,600,59
22,600,127
22,700,79
22,800,3
22,800,11
22,800,23
22,800,53
22,800,115
22,900,19
22,1000,55
22,1100,1
22,1100,55
22,1200,39
22,1200,97
22,2300,99
22,2300,101
22,1300,37
22,1300,47
22,1300,77
22,1300,91
22,1300,125
22,2100,7
22,2100,57
22,2200,109
22,2500,45
22,2500,113
22,1401,33
22,1402,33
22,1402,121
22,1501,33
22,1502,33
22,1600,5
22,1600,63
22,1700,105
22,1905,51
22,1905,75
22,1905,87
22,2001,103
22,2001,117
22,2002,103
22,2400,89
22,2400,93
22,2400,95
22,1901,51
22,1902,51
22,1903,51
22,1904,51
22,1801,71
22,1802,71
22,1803,71
22,1804,71
25,100,3
25,100,3
25,200,3
25,200,11
25,200,13
25,200,15
25,200,27
25,300,17
25,300,27
25,1600,11
25,1600,15
25,400,17
25,400,27
25,1400,17
25,2400,17
25,2400,21
25,2400,27
25,2500,17
25,3600,21
25,3600,27
25,500,17
25,600,17
25,700,9
25,800,9
25,900,9
25,1000,9
25,1100,9
25,1200,9
25,1300,17
25,2700,17
25,2800,17
25,1500,13
25,1500,27
25,1500,27
25,2100,13
25,2100,13
25,2100,27
25,2200,27
25,2300,27
25,1700,13
25,1700,15
25,1800,13
25,1800,15
25,1900,13
25,2000,13
25,2000,15
25,2900,25
25,3000,17
25,3100,17
25,3200,17
25,3301,25
25,3302,25
25,3303,25
25,3304,25
25,3305,25
25,2600,17
25,2600,21
25,3400,17
25,3400,21
25,3500,21
25,3800,21
25,3700,21
25,4000,21
25,4000,23
25,4100,5
25,4100,23
25,4200,5
25,3900,21
25,3900,23
25,4600,23
25,4700,1
25,4700,1
25,4700,7
25,4700,19
25,4800,1
25,4300,5
25,4400,5
25,4500,5
25,4500,23
24,100,1
24,100,23
24,200,43
24,300,21
24,400,13
24,501,5
24,601,25
24,602,25
24,502,5
24,503,5
24,504,5
24,505,5
24,506,5
24,507,5
24,801,510
24,802,510
24,803,510
24,804,510
24,805,510
24,806,510
24,700,15
24,700,29
24,1203,3
24,1300,11
24,1300,19
24,1300,35
24,1300,41
24,1400,39
24,1400,45
24,1400,47
24,901,27
24,902,27
24,1201,3
24,1202,3
24,1106,33
24,1204,3
24,1500,9
24,1500,37
24,1600,17
24,1101,33
24,1102,33
24,1103,33
24,1104,33
24,1105,33
24,1107,33
24,1001,31
24,1005,31
24,1006,31
24,1007,31
24,1002,31
24,1003,31
24,1004,31
23,100,5
23,100,5
23,100,31
23,100,31
23,200,5
23,300,5
23,300,31
23,400,5
23,400,15
23,400,23
23,600,11
23,700,1
23,700,1
23,500,9
23,500,13
23,500,27
23,800,7
23,800,17
23,800,25
23,900,19
23,900,19
23,900,21
23,900,27
23,1000,3
23,1000,29
26,100,43
26,100,53
26,100,61
26,100,71
26,100,83
26,100,131
26,200,3
26,200,13
26,200,103
26,200,109
26,300,33
26,300,41
26,300,95
26,300,97
26,300,153
26,400,9
26,400,29
26,400,47
26,400,79
26,400,113
26,400,165
26,500,1
26,500,7
26,500,31
26,500,39
26,500,119
26,500,135
26,500,137
26,500,141
26,600,11
26,600,51
26,600,69
26,600,129
26,600,143
26,800,17
26,800,111
26,1000,35
26,1000,57
26,1000,73
26,1100,85
26,1100,105
26,1100,107
26,1100,123
26,1100,127
26,1100,133
26,1600,19
26,1600,55
26,1600,89
26,1600,101
26,700,63
26,700,151
26,700,157
26,900,145
26,3500,87
26,3500,147
26,1200,121
26,1403,81
26,1500,139
26,1300,81
26,1401,81
26,1402,81
26,1700,5
26,1700,15
26,2000,37
26,2000,45
26,2100,67
26,2100,117
26,2200,49
26,2301,49
26,2302,49
26,2302,155
26,2400,21
26,2601,77
26,2602,77
26,2602,159
26,2700,23
26,2700,27
26,2700,149
26,2800,25
26,2900,75
26,1800,45
26,1800,65
26,1900,65
26,3400,93
26,3000,59
26,3000,91
26,3200,161
26,3300,161
26,3100,115
26,3804,163
26,3805,163
26,3807,163
26,3600,163
26,3803,163
26,3806,163
26,3705,163
26,3708,163
26,3802,163
26,3701,163
26,3702,163
26,3703,163
26,3704,163
26,3706,163
26,3707,163
26,3801,163
26,2501,125
26,2502,125
26,2503,125
26,3900,99
26,4102,99
26,4103,99
26,4104,99
26,2507,125
26,2508,125
26,4000,99
26,4101,99
26,2504,125
26,2505,125
26,2506,125
27,100,27
27,100,69
27,100,89
27,100,107
27,100,113
27,100,119
27,100,125
27,100,135
27,700,11
27,700,51
27,700,111
27,700,121
27,700,149
27,700,151
27,700,155
27,700,167
27,1900,15
27,1900,23
27,1900,73
27,1900,81
27,1900,83
27,1900,127
27,1900,173
27,2500,33
27,2500,43
27,2500,63
27,2500,91
27,2500,101
27,2500,105
27,2500,117
27,2500,133
27,2500,165
27,200,5
27,200,7
27,200,29
27,200,57
27,200,77
27,200,87
27,300,21
27,300,31
27,300,61
27,300,71
27,300,75
27,400,137
27,500,1
27,500,17
27,500,35
27,500,65
27,500,95
27,500,115
27,600,41
27,600,97
27,600,153
27,600,159
27,800,9
27,800,145
27,900,25
27,900,59
27,900,141
27,900,171
27,1800,67
27,1800,85
27,1800,93
27,1800,129
27,1800,143
27,2100,49
27,2100,79
27,2100,131
27,1001,3
27,1002,3
27,1700,163
27,1100,19
27,1100,139
27,1201,37
27,1202,37
27,1203,37
27,1401,53
27,1402,53
27,1403,53
27,1404,53
27,1405,53
27,1301,53
27,1302,53
27,1303,53
27,1406,53
27,1501,123
27,1502,123
27,1601,123
27,1602,123
27,2000,13
27,2000,103
27,2000,161
27,2200,45
27,2200,55
27,2200,157
27,2200,169
27,2300,109
27,2400,39
27,2400,47
27,2400,99
27,2400,147
29,100,5
29,100,25
29,100,61
29,100,63
29,100,75
29,100,79
29,100,81
29,100,87
29,100,117
29,100,129
29,100,147
29,100,227
29,200,3
29,200,21
29,300,1
29,300,45
29,300,103
29,300,111
29,300,115
29,300,121
29,300,171
29,300,197
29,300,199
29,300,205
29,300,211
29,400,127
29,400,137
29,400,139
29,400,163
29,400,173
29,400,175
29,500,7
29,500,27
29,500,51
29,500,53
29,500,89
29,500,135
29,600,19
29,700,33
29,700,41
29,700,101
29,700,159
29,700,195
29,800,47
29,800,49
29,800,165
29,901,95
29,901,107
29,901,177
29,902,37
29,902,95
29,1100,47
29,1100,95
29,1001,47
29,1001,165
29,1002,95
29,1003,95
29,1004,37
29,1004,95
29,1200,11
29,1200,13
29,1200,15
29,1200,39
29,1200,59
29,1200,83
29,1200,85
29,1200,167
29,1200,185
29,1200,217
29,1300,29
29,1300,105
29,1300,131
29,1300,141
29,1300,169
29,1400,55
29,1400,65
29,1400,73
29,1400,125
29,1400,151
29,1400,161
29,1400,221
29,1500,71
29,1500,113
29,1500,219
29,1601,183
29,1602,183
29,1900,99
29,1704,189
29,1705,189
29,1706,189
29,1707,189
29,1708,189
29,1701,189
29,1702,189
29,1703,189
29,1801,510
29,1802,510
29,1803,510
29,2000,17
29,2000,31
29,2000,93
29,2000,123
29,2000,157
29,2000,186
29,2000,187
29,2100,69
29,2100,133
29,2100,143
29,2100,155
29,2100,201
29,2200,23
29,2200,35
29,2200,179
29,2200,181
29,2200,207
29,2200,223
29,2300,67
29,2300,91
29,2300,149
29,2300,153
29,2300,203
29,2300,215
29,2300,229
29,2400,43
29,2400,77
29,2400,225
29,2500,77
29,2600,9
29,2600,57
29,2600,109
29,2600,119
29,2600,209
29,2600,213
29,2700,97
29,2700,145
28,100,33
28,200,9
28,200,71
28,200,93
28,200,139
28,300,3
28,300,57
28,300,117
28,300,141
28,400,81
28,400,115
28,400,145
28,500,27
28,500,107
28,500,119
28,500,137
28,500,143
28,600,11
28,600,151
28,700,15
28,700,53
28,700,83
28,700,133
28,700,135
28,1600,51
28,1600,55
28,1600,125
28,1600,149
28,1600,163
28,800,7
28,800,13
28,800,19
28,800,43
28,800,97
28,800,155
28,800,161
28,900,17
28,900,25
28,900,105
28,900,159
28,1000,87
28,1000,95
28,1000,103
28,1100,23
28,1100,69
28,1100,75
28,1100,101
28,1200,61
28,1200,79
28,1200,99
28,1200,123
28,1200,129
28,1300,121
28,1400,49
28,1500,49
28,1500,89
28,1700,21
28,1700,29
28,1700,31
28,1700,63
28,1700,65
28,1700,77
28,1700,85
28,1700,127
28,1800,41
28,1800,67
28,1800,111
28,1800,153
28,2000,1
28,2000,5
28,2000,37
28,2000,91
28,2000,113
28,2000,147
28,2000,157
28,1900,35
28,1900,73
28,2100,39
28,2100,45
28,2100,109
28,2100,131
28,2200,47
28,2300,59
30,100,29
30,100,47
30,100,53
30,100,89
30,500,1
30,500,31
30,500,57
30,500,59
30,500,67
30,600,7
30,600,23
30,600,39
30,600,43
30,600,49
30,600,77
30,600,93
30,700,61
30,700,63
30,700,81
30,200,5
30,200,13
30,200,15
30,200,35
30,200,41
30,200,45
30,200,51
30,200,73
30,200,99
30,200,101
30,300,3
30,300,9
30,300,11
30,300,17
30,300,19
30,300,21
30,300,25
30,300,27
30,300,33
30,300,37
30,300,55
30,300,65
30,300,69
30,300,71
30,300,75
30,300,79
30,300,83
30,300,85
30,300,87
30,300,91
30,300,95
30,300,97
30,300,103
30,300,105
30,300,107
30,300,109
30,400,111
37,100,39
37,100,43
37,100,75
37,100,87
37,100,99
37,100,113
37,100,173
37,201,21
37,201,115
37,202,21
37,300,89
37,300,175
37,500,9
37,500,11
37,500,121
37,500,189
37,500,199
37,600,5
37,600,171
37,600,193
37,400,45
37,400,111
37,400,149
37,400,161
37,700,35
37,800,3
37,800,23
37,800,27
37,1100,71
37,1100,109
37,1200,159
37,1300,25
37,1400,179
37,1500,97
37,901,119
37,902,119
37,903,119
37,904,119
37,905,119
37,1000,119
37,2000,151
37,2100,59
37,2100,169
37,2100,197
37,2200,57
37,2300,1
37,1601,81
37,1602,81
37,1700,81
37,1800,67
37,1900,67
37,2500,7
37,2500,123
37,2500,167
37,3800,155
37,3900,93
37,3900,125
37,3900,153
37,3900,165
37,2400,33
37,2400,145
37,2400,157
37,2801,63
37,2802,63
37,2900,37
37,2900,135
37,3000,69
37,3000,101
37,3100,85
37,3100,105
37,3300,77
37,3300,181
37,3300,185
37,2601,183
37,2602,63
37,2602,183
37,2701,183
37,2702,183
37,2703,183
37,3200,61
37,3200,163
37,3600,51
37,3700,51
37,4300,191
37,4000,19
37,4000,129
37,4100,17
37,4100,47
37,4100,141
37,4200,133
37,3400,65
37,3400,127
37,4400,79
37,4400,107
37,4400,195
37,4600,147
37,3500,83
37,3500,91
37,3500,131
37,4500,31
37,4500,49
37,4500,103
37,4700,13
37,4700,15
37,4700,117
37,4700,137
37,4800,29
37,4800,41
37,4800,53
37,4800,55
37,4800,73
37,4800,95
37,4800,139
37,4800,143
37,4800,177
37,4800,187
38,100,1
38,100,7
38,100,11
38,100,23
38,100,25
38,100,33
38,100,37
38,100,41
38,100,53
38,100,57
38,100,59
38,100,65
38,100,85
38,100,87
38,100,89
38,100,105
38,200,9
38,200,13
38,200,15
38,200,29
38,200,43
38,200,47
38,200,49
38,200,51
38,200,55
38,200,61
38,200,69
38,200,75
38,200,79
38,200,83
38,200,101
38,300,3
38,300,5
38,300,19
38,300,21
38,300,27
38,300,31
38,300,39
38,300,45
38,300,71
38,300,73
38,300,77
38,300,81
38,300,93
38,300,95
38,300,103
38,400,17
38,500,35
38,500,63
38,500,67
38,500,91
38,500,97
38,500,99
31,100,7
31,100,13
31,100,15
31,100,17
31,100,31
31,100,33
31,100,45
31,100,49
31,100,69
31,100,89
31,100,103
31,100,105
31,100,123
31,100,149
31,100,157
31,100,161
31,100,165
31,300,9
31,300,41
31,300,71
31,300,77
31,300,79
31,300,81
31,300,93
31,300,115
31,300,121
31,300,163
31,300,175
31,300,183
31,400,5
31,400,29
31,400,47
31,400,57
31,400,63
31,400,65
31,400,73
31,400,75
31,400,85
31,400,87
31,400,91
31,400,101
31,400,111
31,400,113
31,400,117
31,400,135
31,400,145
31,400,171
31,500,1
31,500,19
31,500,35
31,500,61
31,500,83
31,500,99
31,500,129
31,500,137
31,500,181
31,200,3
31,200,11
31,200,21
31,200,27
31,200,37
31,200,39
31,200,43
31,200,51
31,200,107
31,200,119
31,200,125
31,200,139
31,200,141
31,200,167
31,200,173
31,200,179
31,600,23
31,600,59
31,600,67
31,600,95
31,600,97
31,600,127
31,600,131
31,600,133
31,600,143
31,600,147
31,600,151
31,600,159
31,600,169
31,600,185
31,701,25
31,701,53
31,701,153
31,701,155
31,701,177
31,801,109
31,802,109
31,702,153
31,901,55
31,902,55
31,903,55
31,904,55
33,100,7
33,100,9
33,200,1
33,200,3
33,200,13
33,400,13
33,400,13
33,500,5
33,500,19
33,600,11
33,600,11
33,600,11
33,300,17
33,300,17
33,700,11
33,700,15
33,700,15
33,800,11
33,900,11
33,1000,11
33,1000,15
33,1000,15
33,1000,15
33,1100,15
33,1100,15
33,1100,15
34,101,1
34,102,1
34,200,9
34,2202,15
34,2202,33
34,2400,11
34,2101,7
34,2102,7
34,2103,7
34,2104,7
34,2201,15
34,1201,29
34,1202,29
34,1203,29
34,1101,25
34,1102,25
34,1103,25
34,1104,25
34,1105,25
34,901,23
34,903,23
34,904,23
34,905,23
34,902,23
34,2301,21
34,2302,21
34,800,19
34,1001,35
34,1002,35
34,1301,13
34,1302,13
34,1401,13
34,1402,13
34,1403,13
34,1404,13
34,601,17
34,602,17
34,701,17
34,702,17
34,703,17
34,1800,39
34,1901,39
34,1902,39
34,1903,39
34,1501,27
34,1502,27
34,1503,27
34,1504,27
34,1600,37
34,1700,41
34,301,3
34,302,3
34,304,3
34,303,3
34,305,3
34,306,3
34,400,31
34,501,31
34,502,31
34,2001,5
34,2002,5
34,2003,5
35,100,45
35,200,19
35,200,33
35,200,39
35,200,47
35,200,55
35,300,7
35,300,9
35,300,11
35,300,21
35,300,27
35,300,37
35,300,41
35,300,59
35,800,3
35,800,17
35,800,23
35,800,29
35,800,51
35,800,53
35,800,57
35,400,28
35,400,49
35,500,43
35,500,61
35,700,6
35,700,31
35,601,1
35,602,1
35,603,1
35,604,1
35,605,1
35,900,13
35,1000,5
35,1000,35
35,1100,15
35,1100,25
32,100,31
32,200,31
32,300,1
32,300,7
32,300,9
32,300,11
32,300,13
32,300,15
32,300,17
32,300,21
32,300,23
32,300,27
32,300,33
32,400,5
32,400,19
32,400,29
32,400,510
32,501,3
32,510,3
32,511,3
32,502,3
32,503,3
32,504,3
32,505,3
32,506,3
32,507,3
32,508,3
32,509,3
36,100,89
36,200,19
36,200,31
36,200,33
36,200,41
36,500,45
36,500,49
36,300,113
36,300,115
36,401,43
36,401,65
36,402,65
36,2000,35
36,2000,57
36,2201,91
36,2100,93
36,2202,91
36,2300,83
36,2401,1
36,2402,1
36,600,75
36,700,67
36,801,53
36,801,67
36,802,67
36,803,67
36,804,11
36,804,67
36,1003,55
36,1003,117
36,1004,55
36,1005,55
36,1100,69
36,1200,51
36,1200,121
36,1300,37
36,1300,73
36,901,55
36,902,55
36,1001,55
36,1002,55
36,1501,63
36,1602,29
36,1603,29
36,1604,29
36,1605,29
36,1401,29
36,1402,29
36,1502,63
36,1601,29
36,2700,15
36,2700,97
36,2800,101
36,2800,123
36,2900,3
36,2900,9
36,3000,13
36,1700,99
36,1700,109
36,1800,17
36,1800,23
36,2601,7
36,2601,107
36,2602,7
36,1900,25
36,1900,77
36,1900,95
36,2500,21
36,2500,39
36,3101,105
36,3101,111
36,3302,71
36,3201,27
36,3501,119
36,3502,119
36,3506,79
36,3506,119
36,3102,111
36,3202,27
36,3301,71
36,3303,71
36,3601,87
36,3602,87
36,3400,119
36,3503,119
36,3504,119
36,3505,119
36,3701,5
36,3702,5
36,3703,5
36,3704,5
36,3709,5
36,3705,5
36,3706,5
36,3707,5
36,3708,5
36,3710,5
36,3801,61
36,3802,61
36,3803,61
36,3804,61
36,3806,61
36,3807,61
36,3810,61
36,3805,61
36,3808,61
36,3809,61
36,4101,81
36,4102,81
36,4107,81
36,4109,81
36,4103,81
36,4104,81
36,4106,81
36,4105,81
36,4112,81
36,4114,81
36,4108,81
36,4110,81
36,4111,81
36,4113,81
36,4001,47
36,4002,47
36,4003,47
36,4007,47
36,4004,47
36,4005,47
36,4012,47
36,4013,47
36,4006,47
36,4010,47
36,4011,47
36,4015,47
36,4008,47
36,4009,47
36,4016,47
36,4014,47
36,4017,47
36,4018,47
36,3901,85
36,3902,85
36,3903,85
36,4201,59
36,4202,59
36,4203,59
36,4204,59
36,4206,59
36,4207,59
36,4208,59
36,4209,59
36,4205,59
36,4210,59
36,4211,59
36,4212,59
36,4301,103
36,4302,103
36,4303,103
36,4308,103
36,4309,103
36,4310,103
36,4311,103
36,4312,103
36,4304,103
36,4305,103
36,4306,103
36,4307,103
39,100,39
39,100,69
39,100,171
39,1600,107
39,1600,125
39,1600,137
39,1600,161
39,1700,3
39,1700,11
39,1800,21
39,1800,65
39,1800,91
39,201,51
39,201,95
39,202,95
39,202,173
39,301,95
39,302,95
39,303,95
39,400,43
39,400,123
39,400,143
39,1500,63
39,1500,147
39,1500,175
39,1900,33
39,1900,101
39,1900,117
39,1400,5
39,1400,77
39,2000,139
39,2100,169
39,2600,31
39,2600,75
39,2600,83
39,501,93
39,502,93
39,1300,103
39,601,35
39,602,35
39,604,35
39,605,35
39,603,35
39,606,35
39,607,35
39,608,35
39,609,35
39,610,35
39,611,35
39,612,35
39,701,85
39,702,85
39,703,55
39,703,85
39,800,7
39,901,99
39,901,155
39,902,155
39,903,99
39,904,99
39,1000,133
39,1101,153
39,1102,153
39,1103,153
39,1201,153
39,1202,153
39,2201,151
39,2202,151
39,2203,19
39,2203,151
39,2300,29
39,2400,13
39,2400,81
39,2500,59
39,2500,67
39,2500,157
39,3400,119
39,3400,127
39,3500,111
39,3500,115
39,3500,121
39,3500,167
39,3600,9
39,3600,73
39,3600,105
39,3600,163
39,4800,53
39,4800,79
39,4800,87
39,2700,41
39,2800,97
39,2800,129
39,2800,159
39,3200,89
39,3300,45
39,3101,49
39,3102,49
39,3108,49
39,3109,49
39,3103,49
39,3104,49
39,3105,49
39,3106,49
39,3107,49
39,2900,37
39,2900,135
39,2900,149
39,3001,23
39,3001,109
39,3002,23
39,3900,57
39,4000,113
39,4101,113
39,4102,113
39,4103,113
39,4200,165
39,4301,17
39,4302,17
39,4601,25
39,3700,131
39,3700,141
39,3800,27
39,3800,47
39,3800,71
39,4602,15
39,4602,25
39,4700,1
39,4700,145
39,4401,61
39,4402,61
39,4403,61
39,4404,61
39,4501,61
39,4502,61
39,4503,61
40,100,3
40,100,7
40,100,11
40,100,25
40,100,43
40,100,45
40,100,53
40,100,59
40,100,73
40,100,93
40,100,139
40,100,151
40,100,153
40,200,47
40,200,71
40,200,103
40,300,9
40,300,39
40,300,55
40,300,57
40,300,65
40,300,75
40,300,129
40,300,149
40,400,15
40,400,31
40,400,33
40,400,67
40,400,137
40,400,141
40,1301,109
40,1302,17
40,1302,27
40,1302,109
40,1302,125
40,1400,109
40,1500,27
40,1600,81
40,1600,83
40,1600,125
40,1700,17
40,1700,51
40,1700,87
40,500,5
40,500,13
40,500,19
40,500,29
40,500,49
40,500,69
40,500,85
40,500,95
40,500,99
40,500,123
40,600,37
40,600,63
40,600,107
40,600,113
40,600,117
40,600,119
40,600,133
40,1000,131
40,1000,145
40,1100,113
40,1100,131
40,1100,143
40,1200,143
40,700,23
40,700,61
40,700,77
40,700,79
40,700,89
40,700,121
40,700,127
40,800,1
40,800,21
40,800,91
40,800,101
40,800,111
40,800,135
40,900,35
40,900,41
40,900,97
40,900,105
40,900,115
40,900,147
41,100,1
41,100,59
41,100,61
41,100,63
41,200,13
41,200,21
41,200,23
41,200,27
41,200,31
41,200,49
41,200,55
41,200,65
41,200,69
41,300,25
41,300,35
41,300,37
41,300,45
41,400,17
41,500,7
41,500,9
41,500,41
41,500,57
41,600,3
41,600,43
41,701,39
41,702,39
41,800,11
41,800,15
41,800,33
41,900,29
41,1000,19
41,1101,47
41,1102,47
41,1200,53
41,1200,71
41,1301,51
41,1302,51
41,1303,51
41,1304,51
41,1305,51
41,1306,51
41,1307,5
41,1307,51
41,1308,5
41,1309,5
41,1310,5
41,1310,67
41,1311,51
41,1311,67
41,1312,67
41,1313,67
42,100,49
42,200,49
42,300,39
42,300,123
42,400,23
42,400,47
42,400,83
42,400,105
42,1200,35
42,1200,67
42,1200,87
42,1200,109
42,1200,119
42,1300,27
42,500,15
42,500,113
42,500,117
42,600,103
42,600,115
42,600,127
42,700,89
42,1000,81
42,801,69
42,802,69
42,802,131
42,901,79
42,902,79
42,903,37
42,903,79
42,1400,33
42,1400,65
42,1500,31
42,1500,53
42,1500,121
42,1600,85
42,2400,5
42,2400,63
42,1900,19
42,2001,7
42,2001,73
42,2002,7
42,1701,3
42,1801,3
42,1802,3
42,1803,3
42,1702,3
42,1804,3
42,1807,3
42,1703,3
42,1805,3
42,1806,3
42,2201,125
42,2202,59
42,2202,125
42,2101,129
42,2102,129
42,2103,129
42,2300,51
42,2501,21
42,2502,21
42,2502,111
42,2600,13
42,2700,9
42,2700,57
42,2700,61
42,2900,75
42,3001,43
42,3002,43
42,3101,41
42,3102,41
42,3102,99
42,2801,1
42,2801,55
42,2802,55
42,3201,133
42,3202,133
42,3203,133
42,3301,71
42,3302,71
42,3303,71
42,1100,93
42,1100,97
42,3401,11
42,3402,11
42,3500,107
42,3600,77
42,3701,77
42,3702,25
42,3702,77
42,3801,95
42,3802,95
42,4101,101
42,4102,101
42,4103,101
42,4104,101
42,4105,101
42,4106,101
42,4107,101
42,4108,101
42,4109,101
42,4110,101
42,4111,101
42,3901,17
42,3902,17
42,3903,17
42,3904,17
42,4001,91
42,4002,91
42,4003,91
42,4004,91
42,4005,91
42,4006,91
42,4301,29
42,4302,29
42,4303,29
42,4201,45
42,4202,45
42,4203,45
42,4204,45
44,100,7
44,200,7
44,300,7
44,400,7
44,500,1
44,500,5
44,500,5
44,600,3
44,700,9
44,700,9
44,700,9
45,100,73
45,100,77
45,201,45
45,202,45
45,301,83
45,302,83
45,400,21
45,400,23
45,400,87
45,500,91
45,600,39
45,600,59
45,600,71
45,1300,25
45,1300,55
45,1300,57
45,1300,61
45,1400,31
45,1400,33
45,1400,69
45,1700,85
45,1001,63
45,1002,63
45,1100,63
45,1100,79
45,1200,79
45,700,7
45,800,1
45,800,37
45,800,47
45,800,65
45,800,81
45,900,3
45,1800,5
45,1800,9
45,1800,11
45,1800,17
45,1800,49
45,1800,75
45,1900,13
45,1900,53
45,2000,29
45,2000,35
45,2101,19
45,2102,19
45,2200,15
45,1500,51
45,1600,41
45,1600,67
45,2300,27
45,2300,43
45,2300,89
46,100,81
46,100,103
46,200,7
46,200,19
46,200,31
46,200,33
46,200,41
46,200,47
46,200,55
46,200,63
46,200,71
46,200,75
46,200,93
46,200,95
46,200,105
46,200,107
46,200,113
46,200,121
46,200,137
46,300,5
46,300,13
46,300,21
46,300,37
46,300,45
46,300,49
46,300,59
46,300,73
46,300,89
46,300,91
46,300,109
46,300,115
46,300,129
46,400,11
46,400,25
46,400,29
46,400,39
46,400,51
46,400,57
46,400,77
46,400,79
46,400,87
46,400,97
46,400,101
46,500,3
46,500,9
46,500,15
46,500,17
46,500,23
46,500,35
46,500,43
46,500,53
46,500,61
46,500,65
46,500,67
46,500,69
46,500,85
46,500,111
46,500,117
46,500,119
46,500,123
46,600,27
46,600,83
46,600,99
46,600,125
46,600,127
46,600,135
46,700,83
46,700,99
47,100,33
47,100,45
47,100,53
47,100,95
47,100,131
47,100,183
47,2800,39
47,2800,69
47,2800,71
47,2800,75
47,2800,77
47,2800,109
47,2900,23
47,2900,113
47,300,125
47,400,21
47,400,43
47,400,147
47,501,165
47,502,165
47,502,189
47,600,15
47,600,27
47,600,41
47,600,49
47,600,87
47,600,111
47,600,133
47,600,137
47,600,159
47,600,169
47,600,175
47,600,177
47,700,13
47,700,25
47,700,67
47,700,129
47,700,151
47,2100,35
47,2100,141
47,2100,185
47,801,163
47,802,73
47,802,163
47,900,19
47,900,59
47,900,91
47,900,171
47,1000,179
47,1100,29
47,1100,57
47,1100,63
47,1200,89
47,1200,155
47,1500,9
47,1600,105
47,1600,123
47,1600,145
47,1301,93
47,1302,1
47,1302,93
47,1302,173
47,1400,93
47,1700,11
47,1700,107
47,1700,139
47,1800,65
47,1800,115
47,1900,65
47,2000,7
47,2000,61
47,2000,115
47,2000,121
47,2000,143
47,2000,153
47,2201,37
47,2202,37
47,2203,37
47,2204,37
47,2205,37
47,2300,149
47,2400,187
47,200,5
47,200,17
47,200,79
47,200,83
47,200,85
47,200,161
47,2500,31
47,2500,51
47,2500,103
47,2500,127
47,2600,3
47,2600,117
47,2600,119
47,2700,55
47,2700,81
47,2700,99
47,2700,101
47,2700,135
47,2700,181
47,3000,47
47,3000,97
47,3000,167
47,3103,157
47,3201,157
47,3202,157
47,3101,157
47,3102,157
47,3104,157
47,3105,157
48,100,11
48,100,45
48,100,65
48,100,69
48,100,75
48,100,87
48,100,111
48,100,117
48,100,129
48,100,179
48,100,191
48,100,195
48,100,205
48,100,211
48,100,233
48,100,295
48,100,341
48,100,357
48,100,359
48,100,369
48,100,393
48,100,421
48,100,437
48,100,483
48,200,375
48,300,381
48,400,17
48,400,79
48,400,107
48,400,125
48,400,153
48,400,169
48,400,189
48,400,219
48,400,269
48,400,279
48,400,305
48,400,345
48,400,445
48,400,501
48,501,303
48,502,303
48,600,9
48,600,23
48,600,77
48,600,101
48,600,155
48,600,197
48,600,237
48,600,275
48,600,337
48,600,487
48,600,497
48,600,503
48,700,485
48,800,97
48,800,181
48,900,147
48,900,231
48,1000,119
48,1000,159
48,1000,223
48,1000,277
48,1000,343
48,1000,387
48,1000,449
48,1100,37
48,1100,67
48,1200,63
48,1200,315
48,1200,379
48,1200,459
48,1200,467
48,1200,499
48,1300,183
48,1300,203
48,1400,423
48,1500,73
48,1500,365
48,1500,401
48,1700,5
48,1700,347
48,4100,225
48,4100,373
48,4100,407
48,4100,455
48,4100,471
48,1600,241
48,1600,351
48,1600,403
48,1600,405
48,1600,419
48,1600,457
48,4200,199
48,4200,361
48,4300,245
48,4400,245
48,1800,1
48,1800,213
48,2000,257
48,2000,397
48,2400,139
48,2600,251
48,2101,85
48,2102,85
48,2103,85
48,2104,85
48,2201,121
48,2202,121
48,2301,113
48,2302,113
48,2307,113
48,2308,113
48,2305,113
48,2306,113
48,2309,113
48,2310,113
48,2314,113
48,2303,113
48,2304,113
48,2312,113
48,2311,113
48,2313,113
48,2315,113
48,2501,439
48,2502,439
48,2505,439
48,2507,439
48,2503,439
48,2506,439
48,2508,439
48,2504,439
48,2509,439
48,2510,439
48,2511,367
48,2511,439
48,2700,35
48,2700,59
48,2700,93
48,2700,133
48,2700,143
48,2700,221
48,2700,425
48,2800,151
48,2800,207
48,2800,253
48,2800,263
48,2800,335
48,2800,353
48,2800,363
48,2800,415
48,2800,417
48,2800,429
48,2800,433
48,2800,447
48,2900,441
48,3000,81
48,3000,451
48,3100,33
48,3100,95
48,3100,105
48,3100,115
48,3100,173
48,3100,227
48,3100,235
48,3100,267
48,3100,307
48,3100,317
48,3100,319
48,3100,327
48,3100,383
48,3100,399
48,3100,413
48,3100,431
48,3100,435
48,3100,461
48,3200,329
48,3300,135
48,3400,3
48,3400,43
48,3400,103
48,3400,109
48,3400,165
48,3400,229
48,3400,243
48,3400,301
48,3400,371
48,3400,377
48,3400,389
48,3400,443
48,3400,475
48,3400,495
48,3501,141
48,3502,141
48,3503,141
48,3504,141
48,3505,141
48,3600,31
48,3600,49
48,3600,53
48,3600,83
48,3600,193
48,3600,281
48,3600,299
48,3600,333
48,3600,411
48,3701,27
48,3702,27
48,3703,27
48,3703,99
48,1900,145
48,1900,161
48,1900,217
48,1900,293
48,1900,349
48,3801,309
48,3802,309
48,3900,15
48,3900,51
48,3900,185
48,3900,289
48,3900,313
48,3900,395
48,3900,477
48,4000,41
48,4501,339
48,4502,71
48,4502,291
48,4502,339
48,4503,339
48,4503,473
48,4701,157
48,4702,157
48,4601,201
48,4602,201
48,4611,201
48,4625,201
48,4603,201
48,4605,201
48,4606,201
48,4615,201
48,4604,201
48,4607,201
48,4610,201
48,4613,201
48,4608,201
48,4609,201
48,4620,201
48,4624,201
48,4612,201
48,4618,201
48,4619,201
48,4614,201
48,4622,201
48,4623,201
48,4616,201
48,4617,201
48,4621,201
48,4801,39
48,4802,39
48,4901,167
48,4902,167
48,5000,89
48,5000,285
48,5000,321
48,5000,481
48,5500,91
48,5500,187
48,5700,13
48,5700,123
48,5700,175
48,5700,177
48,5700,255
48,5700,493
48,6200,57
48,6200,239
48,6200,469
48,5100,21
48,5100,55
48,5100,149
48,5100,287
48,5100,331
48,5201,491
48,5202,491
48,5301,453
48,5302,453
48,5304,453
48,5303,453
48,5401,453
48,5402,209
48,5402,453
48,5601,29
48,5602,29
48,5603,29
48,5604,29
48,5605,29
48,5608,29
48,5609,29
48,5610,29
48,5606,29
48,5607,29
48,5611,29
48,5800,19
48,5800,163
48,5800,171
48,5800,259
48,5800,265
48,5800,325
48,5900,127
48,5900,137
48,5900,271
48,5900,283
48,5900,323
48,5900,385
48,5900,463
48,5900,465
48,5900,507
48,6000,479
48,6100,7
48,6100,25
48,6100,131
48,6100,249
48,6100,297
48,6100,311
48,6100,391
48,6301,273
48,6301,355
48,6302,355
48,6302,409
48,6400,355
48,6400,409
48,6500,47
48,6500,247
48,6500,261
48,6500,273
48,6500,427
48,6500,489
48,6500,505
48,6800,61
48,6900,61
48,6600,215
48,6701,215
48,6702,215
48,6703,215
48,6704,215
49,100,3
49,100,5
49,100,33
49,100,45
49,400,7
49,400,9
49,400,13
49,400,15
49,400,19
49,400,29
49,400,37
49,400,43
49,400,47
49,400,51
49,601,49
49,602,49
49,603,49
49,700,1
49,700,17
49,700,21
49,700,23
49,700,25
49,700,27
49,700,31
49,700,39
49,700,41
49,700,53
49,700,55
49,200,57
49,301,11
49,302,11
49,501,35
49,503,35
49,504,35
49,502,35
49,505,35
49,506,35
49,507,35
51,100,13
51,200,510
51,301,59
51,301,610
51,302,59
51,303,59
51,303,600
51,304,59
51,305,59
51,501,153
51,501,683
51,501,685
51,502,153
51,800,99
51,800,179
51,600,43
51,600,61
51,600,107
51,600,187
51,900,47
51,900,177
51,900,630
51,400,69
51,400,171
51,400,840
51,700,109
51,700,113
51,700,137
51,700,139
51,700,157
51,700,165
51,700,660
51,1000,3
51,1000,65
51,1000,79
51,1000,540
51,1200,760
51,1300,87
51,1500,75
51,1500,85
51,1500,145
51,1400,41
51,1900,1
51,1900,33
51,1900,57
51,1900,97
51,1900,101
51,1900,103
51,1900,119
51,1900,131
51,1900,133
51,1900,159
51,1900,193
51,2300,36
51,2300,53
51,2300,127
51,2300,149
51,2300,570
51,2300,670
51,2300,730
51,2000,700
51,2100,650
51,2200,73
51,2200,95
51,2200,115
51,2200,199
51,2200,735
51,2200,830
51,2801,810
51,2802,810
51,2803,810
51,2900,710
51,3000,550
51,3100,93
51,3100,740
51,3100,800
51,1100,5
51,1100,15
51,1100,17
51,1100,45
51,1100,91
51,1100,125
51,1100,163
51,1100,530
51,1100,560
51,1100,580
51,1100,678
51,1100,790
51,1100,820
51,3200,25
51,3200,81
51,3200,111
51,3200,117
51,3200,175
51,3200,181
51,3200,183
51,3200,595
51,3200,620
51,3400,7
51,3400,11
51,3400,29
51,3400,37
51,3400,49
51,3400,83
51,3400,135
51,3400,147
51,1600,770
51,1600,775
51,1700,23
51,1700,161
51,1800,9
51,1800,19
51,1800,31
51,1800,515
51,1800,680
51,3500,143
51,3500,590
51,2400,63
51,2400,71
51,2400,121
51,2400,155
51,2400,750
51,2500,51
51,2500,105
51,2500,167
51,2500,195
51,2500,720
51,2600,169
51,2600,173
51,2600,191
51,2600,520
51,2700,21
51,2700,27
51,2700,35
51,2700,77
51,2700,185
51,2700,197
51,2700,640
51,3300,67
51,3300,89
51,3300,141
51,3300,690
50,100,7
50,100,7
50,100,11
50,100,11
50,100,13
50,100,13
50,200,5
50,200,9
50,200,15
50,200,19
50,200,23
50,300,17
50,300,25
50,300,27
50,400,1
50,400,3
50,400,21
53,100,73
53,200,29
53,200,55
53,200,57
53,1701,35
53,1702,35
53,300,7
53,300,17
53,300,37
53,300,47
53,400,1
53,400,19
53,400,25
53,400,43
53,400,51
53,400,65
53,700,3
53,700,13
53,700,23
53,700,71
53,700,75
53,500,63
53,601,63
53,602,63
53,800,5
53,800,21
53,901,77
53,902,77
53,1001,61
53,1002,61
53,1003,61
53,1004,61
53,1005,61
53,1201,67
53,1202,67
53,1500,27
53,1500,41
53,1500,49
53,1600,9
53,1600,31
53,1600,45
53,1801,33
53,1802,33
53,1803,33
53,1804,33
53,1805,33
53,1900,33
53,2001,33
53,2002,33
53,2003,33
53,2004,33
53,2005,33
53,2006,33
53,2007,33
53,2008,33
53,2009,33
53,1300,53
53,1401,53
53,1402,53
53,1403,53
53,1404,53
53,1100,15
53,1100,39
53,1100,59
53,1100,69
53,2101,11
53,2102,11
53,2200,11
55,100,3
55,100,7
55,100,13
55,100,31
55,100,51
55,100,99
55,100,107
55,100,113
55,100,119
55,100,129
55,400,5
55,400,19
55,400,33
55,400,95
55,400,109
55,500,17
55,500,35
55,200,9
55,300,9
55,1300,29
55,1300,37
55,1300,61
55,1300,71
55,1300,75
55,1300,83
55,2500,117
55,600,1
55,600,41
55,600,57
55,600,67
55,600,69
55,600,85
55,600,97
55,600,125
55,600,141
55,1600,73
55,700,11
55,700,23
55,700,53
55,700,81
55,700,91
55,700,93
55,700,121
55,700,123
55,800,43
55,800,45
55,800,49
55,800,65
55,800,103
55,900,63
55,1000,21
55,1000,27
55,1000,111
55,1100,25
55,1200,25
55,2400,105
55,1400,39
55,1400,47
55,1400,77
55,1400,78
55,1400,115
55,1400,135
55,1400,137
55,1500,15
55,1500,87
55,1500,139
55,1700,55
55,1700,127
55,1800,59
55,1900,101
55,2001,79
55,2001,131
55,2001,133
55,2002,79
55,2003,79
55,2004,79
55,2101,79
55,2102,79
55,2201,133
55,2202,133
55,2203,133
55,2300,89
55,2300,131
54,100,9
54,100,29
54,100,51
54,100,69
54,100,103
54,200,17
54,200,33
54,200,49
54,200,91
54,300,61
54,300,77
54,600,13
54,600,35
54,600,73
54,600,85
54,600,87
54,600,95
54,600,105
54,600,107
54,400,3
54,400,23
54,400,27
54,400,31
54,400,37
54,400,57
54,400,65
54,400,71
54,500,1
54,500,7
54,500,21
54,500,41
54,500,83
54,500,93
54,500,97
54,900,19
54,900,25
54,900,67
54,900,75
54,900,101
54,700,11
54,700,53
54,800,5
54,800,15
54,800,39
54,800,79
54,1000,63
54,1000,81
54,1000,89
54,1100,47
54,1100,55
54,1100,109
54,1200,43
54,1200,45
54,1200,59
54,1200,99
56,100,23
56,100,29
56,100,35
56,100,37
56,100,39
56,100,41
56,200,7
56,200,13
56,200,25
56,300,3
56,300,5
56,300,9
56,300,11
56,300,15
56,300,17
56,300,19
56,300,27
56,300,31
56,300,33
56,300,43
56,300,45
56,400,1
56,400,21
72,100,3
72,100,5
72,100,99
72,200,27
72,200,65
72,200,71
72,200,115
72,2100,11
72,2100,67
72,2100,97
72,2100,117
72,300,13
72,400,17
72,400,54
72,400,91
72,400,101
72,500,51
72,500,143
72,500,145
72,700,47
72,700,105
72,700,135
72,600,33
72,600,137
72,801,21
72,802,21
72,900,61
72,1001,127
72,1002,127
72,1003,127
72,1004,127
72,1100,31
72,1200,29
72,1200,87
72,1200,119
72,1300,37
72,1300,49
72,1300,53
72,1300,89
72,1300,103
72,1300,147
72,1400,69
72,1400,77
72,1400,85
72,1500,95
72,1500,109
72,1500,129
72,1500,151
72,2400,7
72,2400,9
72,2400,35
72,2400,41
72,2400,45
72,2500,25
72,2600,63
72,2600,139
72,1600,15
72,1600,43
72,1600,57
72,1600,123
72,1700,75
72,1700,133
72,1700,149
72,1800,113
72,1900,55
72,1900,59
72,1900,111
72,1900,153
72,2000,23
72,2000,79
72,2000,121
72,2000,125
72,2200,1
72,2200,81
72,2200,83
72,2200,93
72,2200,131
72,2300,19
72,2300,39
72,2300,73
72,2300,107
72,2300,141
